protein,pocket_idx,true_pocket,predicted_pocket,accuracy_rank,overlap_coefficient,knee,state,source_article,source_pdb,citation_ref
Acetylcholinesterase,0,"[85, 129, 132, 337, 446]",,,,14,CAS_catalytic_anionic_site,"Donepezil Inhibits Acetylcholinesterase via Multiple Binding Modes at Room Temperature. J. Chem. Inf. Model. (2020), ACS",4EY7,1
Acetylcholinesterase,1,"[71, 73, 123, 285, 340]","[123, 153, 285]",779.0,0.667,14,PAS_peripheral_anionic_site,"Donepezil Inhibits Acetylcholinesterase via Multiple Binding Modes at Room Temperature. J. Chem. Inf. Model. (2020), ACS",4EY7,1
Acetylcholinesterase,2,"[290, 292, 294, 295]","[121, 293, 294, 295, 296, 298]",278.0,0.5,14,acyl_pocket_inward_state,"Donepezil Inhibits Acetylcholinesterase via Multiple Binding Modes at Room Temperature. J. Chem. Inf. Model. (2020), ACS",4EY7,1
Acetylcholinesterase,3,"[73, 285, 294, 340]","[293, 294, 336, 337, 338, 340]",253.0,0.5,14,outward_PAS_dominant_state,"Donepezil Inhibits Acetylcholinesterase via Multiple Binding Modes at Room Temperature. J. Chem. Inf. Model. (2020), ACS",4EY7,1
Acetylcholinesterase,4,"[85, 336, 446]","[335, 336, 445, 446, 447, 448]",243.0,0.667,14,inward_CAS_state,"Donepezil Inhibits Acetylcholinesterase via Multiple Binding Modes at Room Temperature. J. Chem. Inf. Model. (2020), ACS",4EY7,1
BRD4_bromodomain_BD1,0,"[56, 99]","[60, 64, 89, 91, 92, 93, 94, 95, 96, 97, 98, 99, 105, 106, 109]",3.0,0.5,7,KAc_core_recognition,"Filippakopoulos, P. et al. - original BRD4/JQ1 structural characterization; PMC3979416",3MXF,2
BRD4_bromodomain_BD1,1,"[40, 41, 42, 51]","[39, 40, 41, 42, 43, 44, 45, 64, 66, 67, 68]",1.0,0.75,7,WPF_shelf,"Filippakopoulos, P. et al. - original BRD4/JQ1 structural characterization; PMC3979416",3MXF,2
BRD4_bromodomain_BD1,2,"[44, 53, 103, 105, 108]","[41, 105, 107, 108]",442.0,0.5,7,ZA_BC_loop_variable_contacts,Structural Features and Inhibitors of Bromodomains. PMC5325140 (ligand-induced ZA-loop flexibility),3MXF,3
CYP3A4,0,"[283, 351]","[279, 280, 281, 282, 283, 284]",8.0,0.5,11,two_ligand_binding_contacts,"Ekroos, M. & Sjogren, T. Structural basis for ligand promiscuity in cytochrome P450 3A4. PNAS 103:13682-13687 (2006)",2J0C,4
DC-SIGN,0,[66],"[56, 57, 58, 59, 60, 62, 63, 65, 66, 111, 112, 113, 114, 115, 117]",1.0,1.0,11,gatekeeper_closed_mimic,"A cryptic pocket allosterically modulates oligosaccharide binding to DC-SIGN, bioRxiv (2025)",1K9I,5
DC-SIGN,1,[22],"[22, 55, 56, 57, 58, 59, 60, 62, 63, 65, 66, 111, 112, 113, 126]",2.0,1.0,11,gatekeeper_open_residue,"A cryptic pocket allosterically modulates oligosaccharide binding to DC-SIGN, bioRxiv (2025)",1K9I,5
HIV1_protease,0,"[48, 49, 50, 51, 52]","[46, 47, 48, 49, 50, 51, 52, 53, 54]",1.0,1.0,8,flap_tip_residues,"Hornak, V. et al. HIV-1 protease flaps spontaneously open and reclose in molecular dynamics simulations. PNAS 103:915-920 (2006)",,6
HIV1_protease,1,[25],"[25, 26, 27, 28, 29, 30, 31, 32, 85, 86, 88, 89, 90]",5.0,1.0,8,catalytic_dyad,"Wlodawer, A. & Erickson, J.W. Structure-based inhibitors of HIV-1 protease. Annu. Rev. Biochem. 62:543-585 (1993)",,7
IL-2,0,"[42, 44, 45, 72]","[36, 37, 39, 40, 41, 42, 44, 69, 112, 113, 114, 115, 117]",1.0,0.5,9,apo_closed_hotspot,How does a small molecule bind at a cryptic binding site? PLOS Comput. Biol. / PMC8893328 (2022),,8
IL-2,1,"[38, 42, 44, 45, 72]","[40, 41, 42, 44, 45, 46, 111, 112, 113, 114, 115, 117]",14.0,0.6,9,apo_transient_open_hotspot,How does a small molecule bind at a cryptic binding site? PLOS Comput. Biol. / PMC8893328 (2022),,8
IL-2,2,"[35, 38, 42, 43, 44, 72]","[34, 35, 36, 37, 38, 39, 40, 42, 69, 72]",22.0,0.667,9,ligand_bound_open_groove,How does a small molecule bind at a cryptic binding site? PLOS Comput. Biol. / PMC8893328 (2022),,8
KRAS_G12C,0,"[12, 95, 96, 99]","[11, 89, 90, 91, 92, 93, 94, 95, 96, 133]",41.0,0.5,9,switch_II_pocket_open_cryptic_His95_rotated,"Ostrem, J.M. et al. K-Ras(G12C) inhibitors allosterically control GTP affinity and effector interactions. Nature 503:548-551 (2013); Lanman, B.A. et al. J. Med. Chem. (2020)",,9
KRAS_G12C,1,"[9, 16, 61, 63, 68, 95, 96, 99]","[9, 10, 80, 89, 90, 93, 94, 95, 96, 99]",169.0,0.5,9,switch_II_pocket_extended_contacts,"Lanman, B.A. et al. Discovery of a Covalent Inhibitor of KRAS(G12C) (sotorasib/AMG 510). J. Med. Chem. (2020)",,10
SH3_domain,0,[15],"[13, 14, 15, 16, 27, 28, 29, 60]",23.0,1.0,13,orientation_determining_salt_bridge,"Feng, S., Chen, J.K., Yu, H., Simon, J.A., Schreiber, S.L. Two Binding Orientations for Peptides to the Src SH3 Domain. Science 266:1241-1247 (1994)",1RLQ,11
TEM-1_beta-lactamase,0,"[45, 48, 209]","[46, 47, 48, 49, 209]",249.0,0.667,14,catalytic_site,"Horn, J.R. & Shoichet, B.K. - original cryptic allosteric site discovery; confirmed in Hellemann et al., Protein Science / PMC10044111 (2023)",1BTL,12
TEM-1_beta-lactamase,1,[157],"[37, 157, 158, 159, 160, 161, 162]",1.0,1.0,14,enhanced_sampling_variant_site,"Bowman, G.R. & Geissler, P.L. - MSM identification of the cryptic pocket, PMC7004864",1BTL,13
Trypsin,0,"[57, 102, 195]",,,,8,catalytic_triad,"Marquart, M., Walter, J., Deisenhofer, J., Bode, W., Huber, R. The geometry of the reactive site and of the peptide groups in trypsin, trypsinogen and its complexes with inhibitors. Acta Crystallogr. B 39:480 (1983)",3PTB,14
Trypsin,1,"[98, 99, 175, 177]","[12, 13, 14, 15, 50, 51, 96, 97, 98, 99, 100, 101]",9.0,0.5,8,S3_secondary_electronegative_site,"Buch, I., Giorgino, T., De Fabritiis, G. Complete reconstruction of an enzyme-inhibitor binding process by molecular dynamics simulations. PNAS 108:10184-10189 (2011)",3PTB,15
Trypsin,2,[189],,,,8,S4_final_bound_S1_pocket,"Marquart, M., Walter, J., Deisenhofer, J., Bode, W., Huber, R. Acta Crystallogr. B 39:480 (1983) -- SITE record for bound benzamidine",3PTB,16
